<?xml version="1.0" encoding="UTF-8"?><rss version="2.0"
	xmlns:content="http://purl.org/rss/1.0/modules/content/"
	xmlns:dc="http://purl.org/dc/elements/1.1/"
	xmlns:atom="http://www.w3.org/2005/Atom"
	xmlns:sy="http://purl.org/rss/1.0/modules/syndication/"
	
	>
<channel>
	<title>
	Các phản hồi luận về: Chào tất cả mọi người!	</title>
	<atom:link href="./index.html" rel="self" type="application/rss+xml" />
	<link>./../index.html</link>
	<description>EraVN</description>
	<lastBuildDate>Sun, 09 Jan 2022 06:02:32 +0000</lastBuildDate>
	<sy:updatePeriod>
	hourly	</sy:updatePeriod>
	<sy:updateFrequency>
	1	</sy:updateFrequency>
	<generator>https://wordpress.org/?v=5.8.3</generator>
	<item>
		<title>
		Bởi: Một người bình luận WordPress		</title>
		<link>./../index.html#comment-1</link>

		<dc:creator><![CDATA[Một người bình luận WordPress]]></dc:creator>
		<pubDate>Sun, 09 Jan 2022 06:02:32 +0000</pubDate>
		<guid isPermaLink="false">./../../../../../index.html?p=1#comment-1</guid>

					<description><![CDATA[Xin chào, đây là một bình luận
Để bắt đầu với quản trị bình luận, chỉnh sửa hoặc xóa bình luận, vui lòng truy cập vào khu vực Bình luận trong trang quản trị.
Avatar của người bình luận sử dụng &lt;a href=&quot;https://gravatar.com&quot;&gt;Gravatar&lt;/a&gt;.]]></description>
			<content:encoded><![CDATA[<p>Xin chào, đây là một bình luận<br />
Để bắt đầu với quản trị bình luận, chỉnh sửa hoặc xóa bình luận, vui lòng truy cập vào khu vực Bình luận trong trang quản trị.<br />
Avatar của người bình luận sử dụng <a href="https://gravatar.com/">Gravatar</a>.</p>
]]></content:encoded>
		
			</item>
	</channel>
</rss>
